Sample_Name	file	mate	structure	construct_type	celltype	genome
ME-cl1_Fw	7992_1_A1_ME-cl1_Fw_TCGCCTTA-TAGATCGC_S1_R1_001.fastq.gz	R1	For_SB	SB	mESC	mm10
ME-cl1_Fw	7992_1_A1_ME-cl1_Fw_TCGCCTTA-TAGATCGC_S1_R2_001.fastq.gz	R2	For_SB	SB	mESC	mm10
ME-cl2_Fw	7992_2_A2_ME-cl2_Fw_CTAGTACG-TAGATCGC_S2_R1_001.fastq.gz	R1	For_SB	SB	mESC	mm10
ME-cl2_Fw	7992_2_A2_ME-cl2_Fw_CTAGTACG-TAGATCGC_S2_R2_001.fastq.gz	R2	For_SB	SB	mESC	mm10
ME-cl3_Fw	7992_3_A3_ME-cl3_Fw_TTCTGCCT-TAGATCGC_S3_R1_001.fastq.gz	R1	For_SB	SB	mESC	mm10
ME-cl3_Fw	7992_3_A3_ME-cl3_Fw_TTCTGCCT-TAGATCGC_S3_R2_001.fastq.gz	R2	For_SB	SB	mESC	mm10
ME-cl4_Fw	7992_4_A4_ME-cl4_Fw_GCTCAGGA-TAGATCGC_S4_R1_001.fastq.gz	R1	For_SB	SB	mESC	mm10
ME-cl4_Fw	7992_4_A4_ME-cl4_Fw_GCTCAGGA-TAGATCGC_S4_R2_001.fastq.gz	R2	For_SB	SB	mESC	mm10
ME-cl5_Fw	7992_5_A5_ME-cl5_Fw_AGGAGTCC-TAGATCGC_S5_R1_001.fastq.gz	R1	For_SB	SB	mESC	mm10
ME-cl5_Fw	7992_5_A5_ME-cl5_Fw_AGGAGTCC-TAGATCGC_S5_R2_001.fastq.gz	R2	For_SB	SB	mESC	mm10
ME-cl6_Fw	7992_6_A6_ME-cl6_Fw_CATGCCTA-TAGATCGC_S6_R1_001.fastq.gz	R1	For_SB	SB	mESC	mm10
ME-cl6_Fw	7992_6_A6_ME-cl6_Fw_CATGCCTA-TAGATCGC_S6_R2_001.fastq.gz	R2	For_SB	SB	mESC	mm10
ME-cl7_Fw	7992_7_A7_ME-cl7_Fw_GTAGAGAG-TAGATCGC_S7_R1_001.fastq.gz	R1	For_SB	SB	mESC	mm10
ME-cl7_Fw	7992_7_A7_ME-cl7_Fw_GTAGAGAG-TAGATCGC_S7_R2_001.fastq.gz	R2	For_SB	SB	mESC	mm10
ME-cl8_Fw	7992_8_A8_ME-cl8_Fw_CCTCTCTG-TAGATCGC_S8_R1_001.fastq.gz	R1	For_SB	SB	mESC	mm10
ME-cl8_Fw	7992_8_A8_ME-cl8_Fw_CCTCTCTG-TAGATCGC_S8_R2_001.fastq.gz	R2	For_SB	SB	mESC	mm10
ME-cl9_Fw	7992_9_A9_ME-cl9_Fw_AGCGTAGC-TAGATCGC_S9_R1_001.fastq.gz	R1	For_SB	SB	mESC	mm10
ME-cl9_Fw	7992_9_A9_ME-cl9_Fw_AGCGTAGC-TAGATCGC_S9_R2_001.fastq.gz	R2	For_SB	SB	mESC	mm10
ME-cl10_Fw	7992_10_A10_ME-cl10_Fw_CAGCCTCG-TAGATCGC_S10_R1_001.fastq.gz	R1	For_SB	SB	mESC	mm10
ME-cl10_Fw	7992_10_A10_ME-cl10_Fw_CAGCCTCG-TAGATCGC_S10_R2_001.fastq.gz	R2	For_SB	SB	mESC	mm10
ME-cl11_Fw	7992_11_A11_ME-cl11_Fw_TGCCTCTT-TAGATCGC_S11_R1_001.fastq.gz	R1	For_SB	SB	mESC	mm10
ME-cl11_Fw	7992_11_A11_ME-cl11_Fw_TGCCTCTT-TAGATCGC_S11_R2_001.fastq.gz	R2	For_SB	SB	mESC	mm10
ME-cl12_Fw	7992_12_A12_ME-cl12_Fw_TCCTCTAC-TAGATCGC_S12_R1_001.fastq.gz	R1	For_SB	SB	mESC	mm10
ME-cl12_Fw	7992_12_A12_ME-cl12_Fw_TCCTCTAC-TAGATCGC_S12_R2_001.fastq.gz	R2	For_SB	SB	mESC	mm10
ME-cl13_Fw	7992_13_B1_ME-cl13_Fw_TCGCCTTA-CTCTCTAT_S13_R1_001.fastq.gz	R1	For_SB	SB	mESC	mm10
ME-cl13_Fw	7992_13_B1_ME-cl13_Fw_TCGCCTTA-CTCTCTAT_S13_R2_001.fastq.gz	R2	For_SB	SB	mESC	mm10
ME-cl14_Fw	7992_14_B2_ME-cl14_Fw_CTAGTACG-CTCTCTAT_S14_R1_001.fastq.gz	R1	For_SB	SB	mESC	mm10
ME-cl14_Fw	7992_14_B2_ME-cl14_Fw_CTAGTACG-CTCTCTAT_S14_R2_001.fastq.gz	R2	For_SB	SB	mESC	mm10
ME-cl15_Fw	7992_15_B3_ME-cl15_Fw_TTCTGCCT-CTCTCTAT_S15_R1_001.fastq.gz	R1	For_SB	SB	mESC	mm10
ME-cl15_Fw	7992_15_B3_ME-cl15_Fw_TTCTGCCT-CTCTCTAT_S15_R2_001.fastq.gz	R2	For_SB	SB	mESC	mm10
ME-cl16_Fw	7992_16_B4_ME-cl16_Fw_GCTCAGGA-CTCTCTAT_S16_R1_001.fastq.gz	R1	For_SB	SB	mESC	mm10
ME-cl16_Fw	7992_16_B4_ME-cl16_Fw_GCTCAGGA-CTCTCTAT_S16_R2_001.fastq.gz	R2	For_SB	SB	mESC	mm10
ME-cl17_Fw	7992_17_B5_ME-cl17_Fw_AGGAGTCC-CTCTCTAT_S17_R1_001.fastq.gz	R1	For_SB	SB	mESC	mm10
ME-cl17_Fw	7992_17_B5_ME-cl17_Fw_AGGAGTCC-CTCTCTAT_S17_R2_001.fastq.gz	R2	For_SB	SB	mESC	mm10
ME-cl18_Fw	7992_18_B6_ME-cl18_Fw_CATGCCTA-CTCTCTAT_S18_R1_001.fastq.gz	R1	For_SB	SB	mESC	mm10
ME-cl18_Fw	7992_18_B6_ME-cl18_Fw_CATGCCTA-CTCTCTAT_S18_R2_001.fastq.gz	R2	For_SB	SB	mESC	mm10
ME-cl19_Fw	7992_19_B7_ME-cl19_Fw_GTAGAGAG-CTCTCTAT_S19_R1_001.fastq.gz	R1	For_SB	SB	mESC	mm10
ME-cl19_Fw	7992_19_B7_ME-cl19_Fw_GTAGAGAG-CTCTCTAT_S19_R2_001.fastq.gz	R2	For_SB	SB	mESC	mm10
ME-cl20_Fw	7992_20_B8_ME-cl20_Fw_CCTCTCTG-CTCTCTAT_S20_R1_001.fastq.gz	R1	For_SB	SB	mESC	mm10
ME-cl20_Fw	7992_20_B8_ME-cl20_Fw_CCTCTCTG-CTCTCTAT_S20_R2_001.fastq.gz	R2	For_SB	SB	mESC	mm10
ME-cl21_Fw	7992_21_B9_ME-cl21_Fw_AGCGTAGC-CTCTCTAT_S21_R1_001.fastq.gz	R1	For_SB	SB	mESC	mm10
ME-cl21_Fw	7992_21_B9_ME-cl21_Fw_AGCGTAGC-CTCTCTAT_S21_R2_001.fastq.gz	R2	For_SB	SB	mESC	mm10
ME-cl22_Fw	7992_22_B10_ME-cl22_Fw_CAGCCTCG-CTCTCTAT_S22_R1_001.fastq.gz	R1	For_SB	SB	mESC	mm10
ME-cl22_Fw	7992_22_B10_ME-cl22_Fw_CAGCCTCG-CTCTCTAT_S22_R2_001.fastq.gz	R2	For_SB	SB	mESC	mm10
ME-cl23_Fw	7992_23_B11_ME-cl23_Fw_TGCCTCTT-CTCTCTAT_S23_R1_001.fastq.gz	R1	For_SB	SB	mESC	mm10
ME-cl23_Fw	7992_23_B11_ME-cl23_Fw_TGCCTCTT-CTCTCTAT_S23_R2_001.fastq.gz	R2	For_SB	SB	mESC	mm10
ME-cl24_Fw	7992_24_B12_ME-cl24_Fw_TCCTCTAC-CTCTCTAT_S24_R1_001.fastq.gz	R1	For_SB	SB	mESC	mm10
ME-cl24_Fw	7992_24_B12_ME-cl24_Fw_TCCTCTAC-CTCTCTAT_S24_R2_001.fastq.gz	R2	For_SB	SB	mESC	mm10
ME-cl25_Fw	7992_25_C1_ME-cl25_Fw_TCGCCTTA-TATCCTCT_S25_R1_001.fastq.gz	R1	For_SB	SB	mESC	mm10
ME-cl25_Fw	7992_25_C1_ME-cl25_Fw_TCGCCTTA-TATCCTCT_S25_R2_001.fastq.gz	R2	For_SB	SB	mESC	mm10
ME-cl26_Fw	7992_26_C2_ME-cl26_Fw_CTAGTACG-TATCCTCT_S26_R1_001.fastq.gz	R1	For_SB	SB	mESC	mm10
ME-cl26_Fw	7992_26_C2_ME-cl26_Fw_CTAGTACG-TATCCTCT_S26_R2_001.fastq.gz	R2	For_SB	SB	mESC	mm10
ME-cl27_Fw	7992_27_C3_ME-cl27_Fw_TTCTGCCT-TATCCTCT_S27_R1_001.fastq.gz	R1	For_SB	SB	mESC	mm10
ME-cl27_Fw	7992_27_C3_ME-cl27_Fw_TTCTGCCT-TATCCTCT_S27_R2_001.fastq.gz	R2	For_SB	SB	mESC	mm10
ME-cl28_Fw	7992_28_C4_ME-cl28_Fw_GCTCAGGA-TATCCTCT_S28_R1_001.fastq.gz	R1	For_SB	SB	mESC	mm10
ME-cl28_Fw	7992_28_C4_ME-cl28_Fw_GCTCAGGA-TATCCTCT_S28_R2_001.fastq.gz	R2	For_SB	SB	mESC	mm10
ME-cl29_Fw	7992_29_C5_ME-cl29_Fw_AGGAGTCC-TATCCTCT_S29_R1_001.fastq.gz	R1	For_SB	SB	mESC	mm10
ME-cl29_Fw	7992_29_C5_ME-cl29_Fw_AGGAGTCC-TATCCTCT_S29_R2_001.fastq.gz	R2	For_SB	SB	mESC	mm10
ME-cl30_Fw	7992_30_C6_ME-cl30_Fw_CATGCCTA-TATCCTCT_S30_R1_001.fastq.gz	R1	For_SB	SB	mESC	mm10
ME-cl30_Fw	7992_30_C6_ME-cl30_Fw_CATGCCTA-TATCCTCT_S30_R2_001.fastq.gz	R2	For_SB	SB	mESC	mm10
ME-cl31_Fw	7992_31_C7_ME-cl31_Fw_GTAGAGAG-TATCCTCT_S31_R1_001.fastq.gz	R1	For_SB	SB	mESC	mm10
ME-cl31_Fw	7992_31_C7_ME-cl31_Fw_GTAGAGAG-TATCCTCT_S31_R2_001.fastq.gz	R2	For_SB	SB	mESC	mm10
ME-cl32_Fw	7992_32_C8_ME-cl32_Fw_CCTCTCTG-TATCCTCT_S32_R1_001.fastq.gz	R1	For_SB	SB	mESC	mm10
ME-cl32_Fw	7992_32_C8_ME-cl32_Fw_CCTCTCTG-TATCCTCT_S32_R2_001.fastq.gz	R2	For_SB	SB	mESC	mm10
ME-cl33_Fw	7992_33_C9_ME-cl33_Fw_AGCGTAGC-TATCCTCT_S33_R1_001.fastq.gz	R1	For_SB	SB	mESC	mm10
ME-cl33_Fw	7992_33_C9_ME-cl33_Fw_AGCGTAGC-TATCCTCT_S33_R2_001.fastq.gz	R2	For_SB	SB	mESC	mm10
ME-cl34_Fw	7992_34_C10_ME-cl34_Fw_CAGCCTCG-TATCCTCT_S34_R1_001.fastq.gz	R1	For_SB	SB	mESC	mm10
ME-cl34_Fw	7992_34_C10_ME-cl34_Fw_CAGCCTCG-TATCCTCT_S34_R2_001.fastq.gz	R2	For_SB	SB	mESC	mm10
mC-mTctrl1_Fw	7992_35_C11_mC-mTctrl1_Fw_TGCCTCTT-TATCCTCT_S35_R1_001.fastq.gz	R1	For_SB	SB	mESC	mm10
mC-mTctrl1_Fw	7992_35_C11_mC-mTctrl1_Fw_TGCCTCTT-TATCCTCT_S35_R2_001.fastq.gz	R2	For_SB	SB	mESC	mm10
mC-mTctrl2_Fw	7992_36_C12_mC-mTctrl2_Fw_TCCTCTAC-TATCCTCT_S36_R1_001.fastq.gz	R1	For_SB	SB	mESC	mm10
mC-mTctrl2_Fw	7992_36_C12_mC-mTctrl2_Fw_TCCTCTAC-TATCCTCT_S36_R2_001.fastq.gz	R2	For_SB	SB	mESC	mm10
mC-mT-cl1_Fw	7992_37_D1_mC-mT-cl1_Fw_TCGCCTTA-AGAGTAGA_S37_R1_001.fastq.gz	R1	For_SB	SB	mESC	mm10
mC-mT-cl1_Fw	7992_37_D1_mC-mT-cl1_Fw_TCGCCTTA-AGAGTAGA_S37_R2_001.fastq.gz	R2	For_SB	SB	mESC	mm10
mC-mT-cl2_Fw	7992_38_D2_mC-mT-cl2_Fw_CTAGTACG-AGAGTAGA_S38_R1_001.fastq.gz	R1	For_SB	SB	mESC	mm10
mC-mT-cl2_Fw	7992_38_D2_mC-mT-cl2_Fw_CTAGTACG-AGAGTAGA_S38_R2_001.fastq.gz	R2	For_SB	SB	mESC	mm10
mC-mT-cl3_Fw	7992_39_D3_mC-mT-cl3_Fw_TTCTGCCT-AGAGTAGA_S39_R1_001.fastq.gz	R1	For_SB	SB	mESC	mm10
mC-mT-cl3_Fw	7992_39_D3_mC-mT-cl3_Fw_TTCTGCCT-AGAGTAGA_S39_R2_001.fastq.gz	R2	For_SB	SB	mESC	mm10
mC-mT-cl4_Fw	7992_40_D4_mC-mT-cl4_Fw_GCTCAGGA-AGAGTAGA_S40_R1_001.fastq.gz	R1	For_SB	SB	mESC	mm10
mC-mT-cl4_Fw	7992_40_D4_mC-mT-cl4_Fw_GCTCAGGA-AGAGTAGA_S40_R2_001.fastq.gz	R2	For_SB	SB	mESC	mm10
mC-mT-cl5_Fw	7992_41_D5_mC-mT-cl5_Fw_AGGAGTCC-AGAGTAGA_S41_R1_001.fastq.gz	R1	For_SB	SB	mESC	mm10
mC-mT-cl5_Fw	7992_41_D5_mC-mT-cl5_Fw_AGGAGTCC-AGAGTAGA_S41_R2_001.fastq.gz	R2	For_SB	SB	mESC	mm10
mC-mT-cl6_Fw	7992_42_D6_mC-mT-cl6_Fw_CATGCCTA-AGAGTAGA_S42_R1_001.fastq.gz	R1	For_SB	SB	mESC	mm10
mC-mT-cl6_Fw	7992_42_D6_mC-mT-cl6_Fw_CATGCCTA-AGAGTAGA_S42_R2_001.fastq.gz	R2	For_SB	SB	mESC	mm10
mC-mT-cl7_Fw	7992_43_D7_mC-mT-cl7_Fw_GTAGAGAG-AGAGTAGA_S43_R1_001.fastq.gz	R1	For_SB	SB	mESC	mm10
mC-mT-cl7_Fw	7992_43_D7_mC-mT-cl7_Fw_GTAGAGAG-AGAGTAGA_S43_R2_001.fastq.gz	R2	For_SB	SB	mESC	mm10
mC-mT-cl8_Fw	7992_44_D8_mC-mT-cl8_Fw_CCTCTCTG-AGAGTAGA_S44_R1_001.fastq.gz	R1	For_SB	SB	mESC	mm10
mC-mT-cl8_Fw	7992_44_D8_mC-mT-cl8_Fw_CCTCTCTG-AGAGTAGA_S44_R2_001.fastq.gz	R2	For_SB	SB	mESC	mm10
mC-mT-cl9_Fw	7992_45_D9_mC-mT-cl9_Fw_AGCGTAGC-AGAGTAGA_S45_R1_001.fastq.gz	R1	For_SB	SB	mESC	mm10
mC-mT-cl9_Fw	7992_45_D9_mC-mT-cl9_Fw_AGCGTAGC-AGAGTAGA_S45_R2_001.fastq.gz	R2	For_SB	SB	mESC	mm10
mC-mT-cl10_Fw	7992_46_D10_mC-mT-cl10_Fw_CAGCCTCG-AGAGTAGA_S46_R1_001.fastq.gz	R1	For_SB	SB	mESC	mm10
mC-mT-cl10_Fw	7992_46_D10_mC-mT-cl10_Fw_CAGCCTCG-AGAGTAGA_S46_R2_001.fastq.gz	R2	For_SB	SB	mESC	mm10
mC-mT-cl11_Fw	7992_47_D11_mC-mT-cl11_Fw_TGCCTCTT-AGAGTAGA_S47_R1_001.fastq.gz	R1	For_SB	SB	mESC	mm10
mC-mT-cl11_Fw	7992_47_D11_mC-mT-cl11_Fw_TGCCTCTT-AGAGTAGA_S47_R2_001.fastq.gz	R2	For_SB	SB	mESC	mm10
mC-mT-cl12_Fw	7992_48_D12_mC-mT-cl12_Fw_TCCTCTAC-AGAGTAGA_S48_R1_001.fastq.gz	R1	For_SB	SB	mESC	mm10
mC-mT-cl12_Fw	7992_48_D12_mC-mT-cl12_Fw_TCCTCTAC-AGAGTAGA_S48_R2_001.fastq.gz	R2	For_SB	SB	mESC	mm10
ME-cl1_Rv	7992_49_E1_ME-cl1_Rv_TCGCCTTA-GTAAGGAG_S49_R1_001.fastq.gz	R1	Rev_SB	SB	mESC	mm10
ME-cl1_Rv	7992_49_E1_ME-cl1_Rv_TCGCCTTA-GTAAGGAG_S49_R2_001.fastq.gz	R2	Rev_SB	SB	mESC	mm10
ME-cl2_Rv	7992_50_E2_ME-cl2_Rv_CTAGTACG-GTAAGGAG_S50_R1_001.fastq.gz	R1	Rev_SB	SB	mESC	mm10
ME-cl2_Rv	7992_50_E2_ME-cl2_Rv_CTAGTACG-GTAAGGAG_S50_R2_001.fastq.gz	R2	Rev_SB	SB	mESC	mm10
ME-cl3_Rv	7992_51_E3_ME-cl3_Rv_TTCTGCCT-GTAAGGAG_S51_R1_001.fastq.gz	R1	Rev_SB	SB	mESC	mm10
ME-cl3_Rv	7992_51_E3_ME-cl3_Rv_TTCTGCCT-GTAAGGAG_S51_R2_001.fastq.gz	R2	Rev_SB	SB	mESC	mm10
ME-cl4_Rv	7992_52_E4_ME-cl4_Rv_GCTCAGGA-GTAAGGAG_S52_R1_001.fastq.gz	R1	Rev_SB	SB	mESC	mm10
ME-cl4_Rv	7992_52_E4_ME-cl4_Rv_GCTCAGGA-GTAAGGAG_S52_R2_001.fastq.gz	R2	Rev_SB	SB	mESC	mm10
ME-cl5_Rv	7992_53_E5_ME-cl5_Rv_AGGAGTCC-GTAAGGAG_S53_R1_001.fastq.gz	R1	Rev_SB	SB	mESC	mm10
ME-cl5_Rv	7992_53_E5_ME-cl5_Rv_AGGAGTCC-GTAAGGAG_S53_R2_001.fastq.gz	R2	Rev_SB	SB	mESC	mm10
ME-cl6_Rv	7992_54_E6_ME-cl6_Rv_CATGCCTA-GTAAGGAG_S54_R1_001.fastq.gz	R1	Rev_SB	SB	mESC	mm10
ME-cl6_Rv	7992_54_E6_ME-cl6_Rv_CATGCCTA-GTAAGGAG_S54_R2_001.fastq.gz	R2	Rev_SB	SB	mESC	mm10
ME-cl7_Rv	7992_55_E7_ME-cl7_Rv_GTAGAGAG-GTAAGGAG_S55_R1_001.fastq.gz	R1	Rev_SB	SB	mESC	mm10
ME-cl7_Rv	7992_55_E7_ME-cl7_Rv_GTAGAGAG-GTAAGGAG_S55_R2_001.fastq.gz	R2	Rev_SB	SB	mESC	mm10
ME-cl8_Rv	7992_56_E8_ME-cl8_Rv_CCTCTCTG-GTAAGGAG_S56_R1_001.fastq.gz	R1	Rev_SB	SB	mESC	mm10
ME-cl8_Rv	7992_56_E8_ME-cl8_Rv_CCTCTCTG-GTAAGGAG_S56_R2_001.fastq.gz	R2	Rev_SB	SB	mESC	mm10
ME-cl9_Rv	7992_57_E9_ME-cl9_Rv_AGCGTAGC-GTAAGGAG_S57_R1_001.fastq.gz	R1	Rev_SB	SB	mESC	mm10
ME-cl9_Rv	7992_57_E9_ME-cl9_Rv_AGCGTAGC-GTAAGGAG_S57_R2_001.fastq.gz	R2	Rev_SB	SB	mESC	mm10
ME-cl10_Rv	7992_58_E10_ME-cl10_Rv_CAGCCTCG-GTAAGGAG_S58_R1_001.fastq.gz	R1	Rev_SB	SB	mESC	mm10
ME-cl10_Rv	7992_58_E10_ME-cl10_Rv_CAGCCTCG-GTAAGGAG_S58_R2_001.fastq.gz	R2	Rev_SB	SB	mESC	mm10
ME-cl11_Rv	7992_59_E11_ME-cl11_Rv_TGCCTCTT-GTAAGGAG_S59_R1_001.fastq.gz	R1	Rev_SB	SB	mESC	mm10
ME-cl11_Rv	7992_59_E11_ME-cl11_Rv_TGCCTCTT-GTAAGGAG_S59_R2_001.fastq.gz	R2	Rev_SB	SB	mESC	mm10
ME-cl12_Rv	7992_60_E12_ME-cl12_Rv_TCCTCTAC-GTAAGGAG_S60_R1_001.fastq.gz	R1	Rev_SB	SB	mESC	mm10
ME-cl12_Rv	7992_60_E12_ME-cl12_Rv_TCCTCTAC-GTAAGGAG_S60_R2_001.fastq.gz	R2	Rev_SB	SB	mESC	mm10
ME-cl13_Rv	7992_61_F1_ME-cl13_Rv_TCGCCTTA-ACTGCATA_S61_R1_001.fastq.gz	R1	Rev_SB	SB	mESC	mm10
ME-cl13_Rv	7992_61_F1_ME-cl13_Rv_TCGCCTTA-ACTGCATA_S61_R2_001.fastq.gz	R2	Rev_SB	SB	mESC	mm10
ME-cl14_Rv	7992_62_F2_ME-cl14_Rv_CTAGTACG-ACTGCATA_S62_R1_001.fastq.gz	R1	Rev_SB	SB	mESC	mm10
ME-cl14_Rv	7992_62_F2_ME-cl14_Rv_CTAGTACG-ACTGCATA_S62_R2_001.fastq.gz	R2	Rev_SB	SB	mESC	mm10
ME-cl15_Rv	7992_63_F3_ME-cl15_Rv_TTCTGCCT-ACTGCATA_S63_R1_001.fastq.gz	R1	Rev_SB	SB	mESC	mm10
ME-cl15_Rv	7992_63_F3_ME-cl15_Rv_TTCTGCCT-ACTGCATA_S63_R2_001.fastq.gz	R2	Rev_SB	SB	mESC	mm10
ME-cl16_Rv	7992_64_F4_ME-cl16_Rv_GCTCAGGA-ACTGCATA_S64_R1_001.fastq.gz	R1	Rev_SB	SB	mESC	mm10
ME-cl16_Rv	7992_64_F4_ME-cl16_Rv_GCTCAGGA-ACTGCATA_S64_R2_001.fastq.gz	R2	Rev_SB	SB	mESC	mm10
ME-cl17_Rv	7992_65_F5_ME-cl17_Rv_AGGAGTCC-ACTGCATA_S65_R1_001.fastq.gz	R1	Rev_SB	SB	mESC	mm10
ME-cl17_Rv	7992_65_F5_ME-cl17_Rv_AGGAGTCC-ACTGCATA_S65_R2_001.fastq.gz	R2	Rev_SB	SB	mESC	mm10
ME-cl18_Rv	7992_66_F6_ME-cl18_Rv_CATGCCTA-ACTGCATA_S66_R1_001.fastq.gz	R1	Rev_SB	SB	mESC	mm10
ME-cl18_Rv	7992_66_F6_ME-cl18_Rv_CATGCCTA-ACTGCATA_S66_R2_001.fastq.gz	R2	Rev_SB	SB	mESC	mm10
ME-cl19_Rv	7992_67_F7_ME-cl19_Rv_GTAGAGAG-ACTGCATA_S67_R1_001.fastq.gz	R1	Rev_SB	SB	mESC	mm10
ME-cl19_Rv	7992_67_F7_ME-cl19_Rv_GTAGAGAG-ACTGCATA_S67_R2_001.fastq.gz	R2	Rev_SB	SB	mESC	mm10
ME-cl20_Rv	7992_68_F8_ME-cl20_Rv_CCTCTCTG-ACTGCATA_S68_R1_001.fastq.gz	R1	Rev_SB	SB	mESC	mm10
ME-cl20_Rv	7992_68_F8_ME-cl20_Rv_CCTCTCTG-ACTGCATA_S68_R2_001.fastq.gz	R2	Rev_SB	SB	mESC	mm10
ME-cl21_Rv	7992_69_F9_ME-cl21_Rv_AGCGTAGC-ACTGCATA_S69_R1_001.fastq.gz	R1	Rev_SB	SB	mESC	mm10
ME-cl21_Rv	7992_69_F9_ME-cl21_Rv_AGCGTAGC-ACTGCATA_S69_R2_001.fastq.gz	R2	Rev_SB	SB	mESC	mm10
ME-cl22_Rv	7992_70_F10_ME-cl22_Rv_CAGCCTCG-ACTGCATA_S70_R1_001.fastq.gz	R1	Rev_SB	SB	mESC	mm10
ME-cl22_Rv	7992_70_F10_ME-cl22_Rv_CAGCCTCG-ACTGCATA_S70_R2_001.fastq.gz	R2	Rev_SB	SB	mESC	mm10
ME-cl23_Rv	7992_71_F11_ME-cl23_Rv_TGCCTCTT-ACTGCATA_S71_R1_001.fastq.gz	R1	Rev_SB	SB	mESC	mm10
ME-cl23_Rv	7992_71_F11_ME-cl23_Rv_TGCCTCTT-ACTGCATA_S71_R2_001.fastq.gz	R2	Rev_SB	SB	mESC	mm10
ME-cl24_Rv	7992_72_F12_ME-cl24_Rv_TCCTCTAC-ACTGCATA_S72_R1_001.fastq.gz	R1	Rev_SB	SB	mESC	mm10
ME-cl24_Rv	7992_72_F12_ME-cl24_Rv_TCCTCTAC-ACTGCATA_S72_R2_001.fastq.gz	R2	Rev_SB	SB	mESC	mm10
ME-cl25_Rv	7992_73_G1_ME-cl25_Rv_TCGCCTTA-AAGGAGTA_S73_R1_001.fastq.gz	R1	Rev_SB	SB	mESC	mm10
ME-cl25_Rv	7992_73_G1_ME-cl25_Rv_TCGCCTTA-AAGGAGTA_S73_R2_001.fastq.gz	R2	Rev_SB	SB	mESC	mm10
ME-cl26_Rv	7992_74_G2_ME-cl26_Rv_CTAGTACG-AAGGAGTA_S74_R1_001.fastq.gz	R1	Rev_SB	SB	mESC	mm10
ME-cl26_Rv	7992_74_G2_ME-cl26_Rv_CTAGTACG-AAGGAGTA_S74_R2_001.fastq.gz	R2	Rev_SB	SB	mESC	mm10
ME-cl27_Rv	7992_75_G3_ME-cl27_Rv_TTCTGCCT-AAGGAGTA_S75_R1_001.fastq.gz	R1	Rev_SB	SB	mESC	mm10
ME-cl27_Rv	7992_75_G3_ME-cl27_Rv_TTCTGCCT-AAGGAGTA_S75_R2_001.fastq.gz	R2	Rev_SB	SB	mESC	mm10
ME-cl28_Rv	7992_76_G4_ME-cl28_Rv_GCTCAGGA-AAGGAGTA_S76_R1_001.fastq.gz	R1	Rev_SB	SB	mESC	mm10
ME-cl28_Rv	7992_76_G4_ME-cl28_Rv_GCTCAGGA-AAGGAGTA_S76_R2_001.fastq.gz	R2	Rev_SB	SB	mESC	mm10
ME-cl29_Rv	7992_77_G5_ME-cl29_Rv_AGGAGTCC-AAGGAGTA_S77_R1_001.fastq.gz	R1	Rev_SB	SB	mESC	mm10
ME-cl29_Rv	7992_77_G5_ME-cl29_Rv_AGGAGTCC-AAGGAGTA_S77_R2_001.fastq.gz	R2	Rev_SB	SB	mESC	mm10
ME-cl30_Rv	7992_78_G6_ME-cl30_Rv_CATGCCTA-AAGGAGTA_S78_R1_001.fastq.gz	R1	Rev_SB	SB	mESC	mm10
ME-cl30_Rv	7992_78_G6_ME-cl30_Rv_CATGCCTA-AAGGAGTA_S78_R2_001.fastq.gz	R2	Rev_SB	SB	mESC	mm10
ME-cl31_Rv	7992_79_G7_ME-cl31_Rv_GTAGAGAG-AAGGAGTA_S79_R1_001.fastq.gz	R1	Rev_SB	SB	mESC	mm10
ME-cl31_Rv	7992_79_G7_ME-cl31_Rv_GTAGAGAG-AAGGAGTA_S79_R2_001.fastq.gz	R2	Rev_SB	SB	mESC	mm10
ME-cl32_Rv	7992_80_G8_ME-cl32_Rv_CCTCTCTG-AAGGAGTA_S80_R1_001.fastq.gz	R1	Rev_SB	SB	mESC	mm10
ME-cl32_Rv	7992_80_G8_ME-cl32_Rv_CCTCTCTG-AAGGAGTA_S80_R2_001.fastq.gz	R2	Rev_SB	SB	mESC	mm10
ME-cl33_Rv	7992_81_G9_ME-cl33_Rv_AGCGTAGC-AAGGAGTA_S81_R1_001.fastq.gz	R1	Rev_SB	SB	mESC	mm10
ME-cl33_Rv	7992_81_G9_ME-cl33_Rv_AGCGTAGC-AAGGAGTA_S81_R2_001.fastq.gz	R2	Rev_SB	SB	mESC	mm10
ME-cl34_Rv	7992_82_G10_ME-cl34_Rv_CAGCCTCG-AAGGAGTA_S82_R1_001.fastq.gz	R1	Rev_SB	SB	mESC	mm10
ME-cl34_Rv	7992_82_G10_ME-cl34_Rv_CAGCCTCG-AAGGAGTA_S82_R2_001.fastq.gz	R2	Rev_SB	SB	mESC	mm10
mC-mTctrl1_Rv	7992_83_G11_mC-mTctrl1_Rv_TGCCTCTT-AAGGAGTA_S83_R1_001.fastq.gz	R1	Rev_SB	SB	mESC	mm10
mC-mTctrl1_Rv	7992_83_G11_mC-mTctrl1_Rv_TGCCTCTT-AAGGAGTA_S83_R2_001.fastq.gz	R2	Rev_SB	SB	mESC	mm10
mC-mTctrl2_Rv	7992_84_G12_mC-mTctrl2_Rv_TCCTCTAC-AAGGAGTA_S84_R1_001.fastq.gz	R1	Rev_SB	SB	mESC	mm10
mC-mTctrl2_Rv	7992_84_G12_mC-mTctrl2_Rv_TCCTCTAC-AAGGAGTA_S84_R2_001.fastq.gz	R2	Rev_SB	SB	mESC	mm10
mC-mT-cl1_Rv	7992_85_H1_mC-mT-cl1_Rv_TCGCCTTA-CTAAGCCT_S85_R1_001.fastq.gz	R1	Rev_SB	SB	mESC	mm10
mC-mT-cl1_Rv	7992_85_H1_mC-mT-cl1_Rv_TCGCCTTA-CTAAGCCT_S85_R2_001.fastq.gz	R2	Rev_SB	SB	mESC	mm10
mC-mT-cl2_Rv	7992_86_H2_mC-mT-cl2_Rv_CTAGTACG-CTAAGCCT_S86_R1_001.fastq.gz	R1	Rev_SB	SB	mESC	mm10
mC-mT-cl2_Rv	7992_86_H2_mC-mT-cl2_Rv_CTAGTACG-CTAAGCCT_S86_R2_001.fastq.gz	R2	Rev_SB	SB	mESC	mm10
mC-mT-cl3_Rv	7992_87_H3_mC-mT-cl3_Rv_TTCTGCCT-CTAAGCCT_S87_R1_001.fastq.gz	R1	Rev_SB	SB	mESC	mm10
mC-mT-cl3_Rv	7992_87_H3_mC-mT-cl3_Rv_TTCTGCCT-CTAAGCCT_S87_R2_001.fastq.gz	R2	Rev_SB	SB	mESC	mm10
mC-mT-cl4_Rv	7992_88_H4_mC-mT-cl4_Rv_GCTCAGGA-CTAAGCCT_S88_R1_001.fastq.gz	R1	Rev_SB	SB	mESC	mm10
mC-mT-cl4_Rv	7992_88_H4_mC-mT-cl4_Rv_GCTCAGGA-CTAAGCCT_S88_R2_001.fastq.gz	R2	Rev_SB	SB	mESC	mm10
mC-mT-cl5_Rv	7992_89_H5_mC-mT-cl5_Rv_AGGAGTCC-CTAAGCCT_S89_R1_001.fastq.gz	R1	Rev_SB	SB	mESC	mm10
mC-mT-cl5_Rv	7992_89_H5_mC-mT-cl5_Rv_AGGAGTCC-CTAAGCCT_S89_R2_001.fastq.gz	R2	Rev_SB	SB	mESC	mm10
mC-mT-cl6_Rv	7992_90_H6_mC-mT-cl6_Rv_CATGCCTA-CTAAGCCT_S90_R1_001.fastq.gz	R1	Rev_SB	SB	mESC	mm10
mC-mT-cl6_Rv	7992_90_H6_mC-mT-cl6_Rv_CATGCCTA-CTAAGCCT_S90_R2_001.fastq.gz	R2	Rev_SB	SB	mESC	mm10
mC-mT-cl7_Rv	7992_91_H7_mC-mT-cl7_Rv_GTAGAGAG-CTAAGCCT_S91_R1_001.fastq.gz	R1	Rev_SB	SB	mESC	mm10
mC-mT-cl7_Rv	7992_91_H7_mC-mT-cl7_Rv_GTAGAGAG-CTAAGCCT_S91_R2_001.fastq.gz	R2	Rev_SB	SB	mESC	mm10
mC-mT-cl8_Rv	7992_92_H8_mC-mT-cl8_Rv_CCTCTCTG-CTAAGCCT_S92_R1_001.fastq.gz	R1	Rev_SB	SB	mESC	mm10
mC-mT-cl8_Rv	7992_92_H8_mC-mT-cl8_Rv_CCTCTCTG-CTAAGCCT_S92_R2_001.fastq.gz	R2	Rev_SB	SB	mESC	mm10
mC-mT-cl9_Rv	7992_93_H9_mC-mT-cl9_Rv_AGCGTAGC-CTAAGCCT_S93_R1_001.fastq.gz	R1	Rev_SB	SB	mESC	mm10
mC-mT-cl9_Rv	7992_93_H9_mC-mT-cl9_Rv_AGCGTAGC-CTAAGCCT_S93_R2_001.fastq.gz	R2	Rev_SB	SB	mESC	mm10
mC-mT-cl10_Rv	7992_94_H10_mC-mT-cl10_Rv_CAGCCTCG-CTAAGCCT_S94_R1_001.fastq.gz	R1	Rev_SB	SB	mESC	mm10
mC-mT-cl10_Rv	7992_94_H10_mC-mT-cl10_Rv_CAGCCTCG-CTAAGCCT_S94_R2_001.fastq.gz	R2	Rev_SB	SB	mESC	mm10
mC-mT-cl11_Rv	7992_95_H11_mC-mT-cl11_Rv_TGCCTCTT-CTAAGCCT_S95_R1_001.fastq.gz	R1	Rev_SB	SB	mESC	mm10
mC-mT-cl11_Rv	7992_95_H11_mC-mT-cl11_Rv_TGCCTCTT-CTAAGCCT_S95_R2_001.fastq.gz	R2	Rev_SB	SB	mESC	mm10
mC-mT-cl12_Rv	7992_96_H12_mC-mT-cl12_Rv_TCCTCTAC-CTAAGCCT_S96_R1_001.fastq.gz	R1	Rev_SB	SB	mESC	mm10
mC-mT-cl12_Rv	7992_96_H12_mC-mT-cl12_Rv_TCCTCTAC-CTAAGCCT_S96_R2_001.fastq.gz	R2	Rev_SB	SB	mESC	mm10
